,LOCATION_N,Total_pop_,Totalpop_served,Males_served,Males_served_Under5,Males_served_Under18,Males_served_Over65,Females_served,Females_served_Under5,Females_served_Under18,Females_served_Over65,ASSET_SIZE,Totalpop_served_norm,Males_served_norm,Males_served_Under5_norm,Males_served_Under18_norm,Males_served_Over65_norm,Females_served_norm,Females_served_Under5_norm,Females_served_Under18_norm,Females_served_Over65_norm,Under5_served,Under5_served_norm,Under18_served,Under18_served_norm,Over65_served,Over65_served_norm,Park_Name
0,A.B. Dittmar Neighborhood Park,6628,605,310,29,63,21,295,9,34,27,12.69,47,24,2,5,1,23,0,2,2,39,3,98,7,48,3,A.B. Dittmar Neighborhood Park
1,Adams-Hemphill Neighborhood Park,16830,3294,1450,0,31,47,1844,44,120,1,9.31,353,155,0,3,5,198,4,12,0,45,4,152,16,49,5,Adams-Hemphill Neighborhood Park
2,Agave Neighborhood Park,4529,805,396,60,154,14,409,56,175,19,16.36,49,24,3,9,0,25,3,10,1,116,7,329,20,33,2,Agave Neighborhood Park
3,Alamo Pocket Park,2888,115,67,3,3,2,47,0,0,7,1.82,63,37,1,1,1,26,0,0,4,3,1,3,1,10,5,Alamo Pocket Park
4,Alderbrook Pocket Park,3241,351,146,7,16,0,204,14,30,25,1.9,184,77,3,8,0,107,7,16,13,21,11,47,24,25,13,Alderbrook Pocket Park
5,Andrews School Park,2818,163,85,9,16,11,77,14,23,17,3.27,49,26,2,4,3,23,4,7,5,23,7,40,12,28,8,Andrews School Park
6,Archstone Pocket Park,2377,173,109,17,20,0,63,6,11,2,0.53,326,207,32,39,0,119,13,21,4,23,45,31,60,2,4,Archstone Pocket Park
7,Armadillo Neighborhood Park,6546,1047,527,26,85,66,520,63,116,71,3.046,343,173,8,28,21,170,20,38,23,90,29,201,66,138,45,Armadillo Neighborhood Park
8,Astor Place Greenbelt,20046,5349,2418,113,403,277,2930,112,521,433,1.442,3709,1677,79,279,192,2032,77,361,300,226,156,925,641,711,493,Astor Place Greenbelt
9,Auditorium Shores at Town Lake Metro Park,18537,3948,2155,18,72,160,1793,50,115,175,48.57836784,81,44,0,1,3,36,1,2,3,69,1,187,3,336,6,Auditorium Shores at Town Lake Metro Park
10,Austin High Tennis Center,8972,407,206,3,15,11,200,11,16,18,3.22,126,64,1,4,3,62,3,5,5,14,4,31,9,30,9,Austin High Tennis Center
11,Austin Recreation Center,10236,334,195,2,5,23,139,8,13,17,5.48733039,60,35,0,1,4,25,1,2,3,10,1,19,3,40,7,Austin Recreation Center
12,Bailey Neighborhood Park,2977,358,183,10,33,15,174,15,46,6,2.299,155,79,4,14,6,76,6,20,2,25,11,80,34,22,9,Bailey Neighborhood Park
13,Balcones District Park,11842,2662,1399,106,226,68,1262,46,173,153,51.69,51,27,2,4,1,24,0,3,2,152,2,400,7,222,4,Balcones District Park
14,Barrington School Park,7864,392,243,4,52,5,149,12,44,7,8.02,48,30,0,6,0,18,1,5,0,17,2,96,11,13,1,Barrington School Park
15,Barrow Nature Preserve,4900,1379,647,24,146,101,732,29,164,154,7.5374,182,85,3,19,13,97,3,21,20,53,7,310,41,256,33,Barrow Nature Preserve
16,Bartholomew District Park,12152,3142,1557,102,267,101,1585,126,278,213,50.59388057,62,30,2,5,2,31,2,5,4,229,4,546,10,314,6,Bartholomew District Park
17,Barton Creek Greenbelt,55268,24826,12180,713,2579,1080,12645,784,2577,1354,838.75934835,29,14,0,3,1,15,0,3,1,1498,1,5156,6,2434,2,Barton Creek Greenbelt
18,Barton Creek Wilderness Park,28333,12298,6101,346,1503,656,6196,374,1476,823,1120.26484727,10,5,0,1,0,5,0,1,0,721,0,2980,2,1480,1,Barton Creek Wilderness Park
19,Barton Hills School Park,3589,202,107,8,15,12,94,7,17,8,4.76,42,22,1,3,2,19,1,3,1,16,3,32,6,20,4,Barton Hills School Park
20,Battlebend Springs Neighborhood Park,5149,510,261,23,70,11,249,16,54,19,4.91,103,53,4,14,2,50,3,11,4,39,8,125,25,31,6,Battlebend Springs Neighborhood Park
21,Bauerle Ranch at Slaughter Creek Greenbelt,39244,16842,8426,605,2039,704,8416,521,1819,692,322.59,52,26,1,6,2,26,1,5,2,1127,3,3859,11,1397,4,Bauerle Ranch at Slaughter Creek Greenbelt
22,Bellingham Meadows Greenbelt,8421,3128,1652,150,468,109,1475,197,441,107,22.3262,140,74,6,20,4,66,8,19,4,348,15,909,40,216,9,Bellingham Meadows Greenbelt
23,Beverly S. Sheffield Northwest District Park,12216,2583,1287,148,267,157,1296,99,272,209,31.14,82,41,4,8,5,41,3,8,6,248,7,539,17,367,11,Beverly S. Sheffield Northwest District Park
24,Big Stacy Neighborhood Park,3134,711,347,25,57,36,363,12,39,53,4.4178,160,78,5,13,8,82,2,9,12,37,8,97,22,89,20,Big Stacy Neighborhood Park
25,Big Walnut Creek Nature Preserve,23320,433,206,22,69,12,227,15,59,15,47.9502,9,4,0,1,0,4,0,1,0,37,0,128,2,28,0,Big Walnut Creek Nature Preserve
26,Blunn Creek Greenbelt,26975,15803,8393,281,896,766,7409,287,803,836,13.33355865,1185,629,21,67,57,555,21,60,62,569,42,1700,127,1603,120,Blunn Creek Greenbelt
27,Blunn Creek Nature Preserve,12394,3735,1908,68,177,163,1827,99,239,156,38.52,96,49,1,4,4,47,2,6,4,167,4,417,10,320,8,Blunn Creek Nature Preserve
28,Boggy Creek Greenbelt,26932,16460,8019,533,1615,715,8441,624,1538,1168,48.830154,337,164,10,33,14,172,12,31,23,1158,23,3154,64,1884,38,Boggy Creek Greenbelt
29,Bolm District Park,3465,839,393,10,82,32,445,43,81,58,68.162,12,5,0,1,0,6,0,1,0,53,0,164,2,91,1,Bolm District Park
30,Brentwood Neighborhood Park,4928,735,346,29,67,21,388,4,78,55,9.25,79,37,3,7,2,41,0,8,6,34,3,146,15,77,8,Brentwood Neighborhood Park
31,Brownie Neighborhood Park,8744,1494,836,54,268,11,658,86,196,24,8.287244,180,100,6,32,1,79,10,23,2,140,16,464,56,35,4,Brownie Neighborhood Park
32,Brush Square (O. Henry Museum),4109,170,108,0,0,8,62,0,0,8,1.752275,97,61,0,0,5,35,0,0,4,0,0,0,0,16,9,Brush Square (O. Henry Museum)
33,Brush Square Triangle,1578,38,17,1,4,4,20,1,3,4,1.0,38,17,1,4,4,20,1,3,4,2,2,8,8,8,8,Brush Square Triangle
34,Brushy Creek Greenbelt,22565,9063,4264,399,1508,234,4798,375,1829,380,51.470217,176,82,7,29,4,93,7,35,7,775,15,3338,64,614,11,Brushy Creek Greenbelt
35,Bull Creek District Park,7763,1348,710,44,129,87,638,14,112,79,47.3,28,15,0,2,1,13,0,2,1,59,1,242,5,166,3,Bull Creek District Park
36,"Burnett ""Blondie"" Pharr Tennis Center",6655,566,269,20,47,17,297,15,45,34,8.45,67,31,2,5,2,35,1,5,4,36,4,93,11,52,6,"Burnett ""Blondie"" Pharr Tennis Center"
37,Buttermilk Branch Greenbelt,37440,17339,9742,900,2834,422,7597,649,2231,530,4.00384587,4330,2433,224,707,105,1897,162,557,132,1549,387,5066,1265,952,237,Buttermilk Branch Greenbelt
38,Buttermilk Neighborhood Park,9872,2150,1183,124,356,37,967,101,361,56,16.60250868,129,71,7,21,2,58,6,21,3,225,13,717,43,94,5,Buttermilk Neighborhood Park
39,Caldwell Treaty Oak Park,3827,120,58,0,2,5,62,3,3,6,0.308085,390,188,1,9,16,202,10,12,22,3,11,6,22,11,38,Caldwell Treaty Oak Park
40,Canyon Vista Pool,4422,74,38,0,12,2,35,1,7,3,0.47907723,155,81,1,26,5,74,2,16,6,1,3,20,43,5,11,Canyon Vista Pool
41,Caswell Tennis Center,5434,1177,808,14,25,4,369,4,10,2,3.06,384,264,4,8,1,120,1,3,0,18,6,35,11,6,2,Caswell Tennis Center
42,Central Maintenance Complex at Town Lake Metro Park,9025,527,304,7,32,4,222,6,59,7,9.21592622,57,33,0,3,0,24,0,6,0,13,1,92,9,12,1,Central Maintenance Complex at Town Lake Metro Park
43,Cherry Creek Neighborhood Park,5069,525,252,17,56,21,273,17,29,32,10.25,51,24,1,5,2,26,1,2,3,34,3,85,8,53,5,Cherry Creek Neighborhood Park
44,Cherrywood Pocket Park,3268,177,82,3,8,4,94,2,14,3,0.516,343,160,5,17,8,182,5,28,6,5,11,23,45,7,15,Cherrywood Pocket Park
45,Chestnut Pocket Park,1611,164,109,1,5,0,54,5,8,3,0.6082,270,180,2,8,1,90,9,13,5,7,11,13,21,4,7,Chestnut Pocket Park
46,Circle C Ranch on Slaughter Creek,46731,16511,8246,648,2562,595,8264,402,2100,801,591.5715,27,13,1,4,1,13,0,3,1,1050,1,4662,7,1396,2,Circle C Ranch on Slaughter Creek
47,City of Austin/YMCA North Austin Community Recreation Center,8534,1735,972,52,279,18,763,84,231,34,6.997,248,138,7,39,2,109,12,33,4,136,19,511,73,53,7,City of Austin/YMCA North Austin Community Recreation Center
48,Civitan Neighborhood Park,11050,724,372,41,125,33,351,31,83,35,7.12,101,52,5,17,4,49,4,11,4,73,10,208,29,68,9,Civitan Neighborhood Park
49,Colony Park District Park,16295,3592,1717,221,625,89,1874,155,550,85,91.79060585,39,18,2,6,0,20,1,5,0,376,4,1176,12,174,1,Colony Park District Park
50,Colorado River Greenbelt,10495,1566,764,23,170,63,802,74,161,110,8.475,184,90,2,20,7,94,8,19,13,98,11,332,39,173,20,Colorado River Greenbelt
51,Colorado River Park WIldlife Sanctuary,13029,968,489,20,80,46,478,11,72,30,43.331,22,11,0,1,1,11,0,1,0,31,0,153,3,77,1,Colorado River Park WIldlife Sanctuary
52,Colorado/Walnut Greenbelt,19591,2947,1865,83,327,67,1081,80,292,102,99.663,29,18,0,3,0,10,0,2,1,164,1,619,6,169,1,Colorado/Walnut Greenbelt
53,Comal Pocket Park,1025,99,53,1,5,4,45,7,14,1,0.97071,102,55,1,5,5,47,7,15,1,9,9,20,21,6,6,Comal Pocket Park
54,Commons Ford Ranch Metro Park,19188,2936,1399,103,486,135,1537,102,485,170,215.235,13,6,0,2,0,7,0,2,0,206,0,972,4,305,1,Commons Ford Ranch Metro Park
55,Conley-Guerrero Senior Activity Center,5636,471,214,18,72,18,256,13,60,25,2.43782134,193,88,7,29,7,105,5,24,10,32,13,132,54,44,18,Conley-Guerrero Senior Activity Center
56,Convict Hill Quarry Neighborhood Park,4830,363,168,14,46,10,194,1,41,26,2.814,129,59,5,16,3,69,0,14,9,16,5,87,31,37,13,Convict Hill Quarry Neighborhood Park
57,Cook School Park,5988,409,214,25,44,20,195,10,36,19,7.69,53,27,3,5,2,25,1,4,2,35,4,80,10,40,5,Cook School Park
58,Copperfield Neighborhood Park,11639,714,361,21,67,18,352,29,75,26,4.62,154,78,4,14,3,76,6,16,5,51,11,142,30,44,9,Copperfield Neighborhood Park
59,Country Club Creek Greenbelt,28104,18653,10189,580,1825,345,8463,772,2177,334,41.843,445,243,13,43,8,202,18,52,8,1352,32,4002,95,680,16,Country Club Creek Greenbelt
60,Covert Park at Mount Bonnell,5965,208,97,3,23,21,111,9,22,23,5.54,37,17,0,4,3,20,1,4,4,13,2,46,8,44,8,Covert Park at Mount Bonnell
61,Crestland Triangle,4041,205,117,8,16,2,87,8,21,1,0.457,448,256,18,35,5,191,18,46,2,16,36,37,81,3,7,Crestland Triangle
62,Cunningham School Park,4448,225,89,11,22,5,135,6,13,22,3.55,63,25,3,6,1,38,1,3,6,17,4,36,10,28,8,Cunningham School Park
63,Davis Hill Neighborhood Park,11814,734,344,21,82,21,389,9,39,43,8.36,87,41,2,9,2,46,1,4,5,30,3,122,14,64,7,Davis Hill Neighborhood Park
64,Davis Spring Special Park,9399,693,352,41,113,17,340,26,93,39,14.472,47,24,2,7,1,23,1,6,2,67,4,206,14,56,3,Davis Spring Special Park
65,Davis/White Northeast Neighborhood Park,9836,382,201,30,77,11,180,11,57,26,19.55157,19,10,1,3,0,9,0,2,1,41,2,135,6,37,1,Davis/White Northeast Neighborhood Park
66,Decker Tallgrass Prairie Preserve,1043,136,67,8,17,1,69,0,21,1,347.9910643,0,0,0,0,0,0,0,0,0,8,0,39,0,3,0,Decker Tallgrass Prairie Preserve
67,Deer Park at Maple Run Preserve,18223,2120,1072,80,291,58,1048,41,205,85,24.278,87,44,3,12,2,43,1,8,3,122,5,497,20,143,5,Deer Park at Maple Run Preserve
68,Dick Nichols District Park,20674,4127,2037,227,584,121,2090,117,415,209,140.1464,29,14,1,4,0,14,0,2,1,344,2,1000,7,331,2,Dick Nichols District Park
69,Doss School Park,1809,199,85,0,17,15,113,1,22,25,6.2,32,13,0,2,2,18,0,3,4,1,0,39,6,40,6,Doss School Park
70,Dottie Jordan Neighborhood Park,5469,865,461,41,72,46,403,45,103,63,11.45,75,40,3,6,4,35,3,9,5,86,7,176,15,110,9,Dottie Jordan Neighborhood Park
71,Dougherty Arts Center,5929,360,177,3,12,15,183,9,26,13,2.3400354,154,75,1,5,6,78,3,11,5,13,5,38,16,28,12,Dougherty Arts Center
72,Dove Springs District Park,6856,1082,596,61,127,27,485,11,136,33,59.001,18,10,1,2,0,8,0,2,0,72,1,264,4,61,1,Dove Springs District Park
73,Downs Mabson Fields,4298,696,332,30,77,26,364,9,47,29,9.97,69,33,3,7,2,36,0,4,3,39,3,124,12,55,5,Downs Mabson Fields
74,Dry Creek Greenbelt,15363,4025,2012,261,703,73,2013,159,743,90,6.1149,658,329,42,115,12,329,26,121,14,420,68,1446,236,164,26,Dry Creek Greenbelt
75,Duncan Neighborhood Park,9624,637,357,1,7,30,280,7,11,33,5.91,107,60,0,1,5,47,1,1,5,9,1,18,3,63,10,Duncan Neighborhood Park
76,Earl J. Pomerleau Pocket Park,3342,297,142,18,42,6,155,22,38,24,1.927,154,73,9,22,3,80,11,19,12,40,21,81,42,30,15,Earl J. Pomerleau Pocket Park
77,East Boggy Creek Greenbelt,16525,7500,3787,224,885,378,3712,233,862,446,75.1792,99,50,2,11,5,49,3,11,5,458,6,1747,23,825,10,East Boggy Creek Greenbelt
78,East Bouldin Creek Greenbelt,22894,9142,4795,154,400,341,4346,204,482,355,0.652,14022,7355,236,613,524,6666,314,740,545,359,551,882,1353,697,1069,East Bouldin Creek Greenbelt
79,Eastwoods Neighborhood Park,12846,1190,574,8,47,14,615,9,27,9,9.9,120,58,0,4,1,62,0,2,0,17,1,74,7,23,2,Eastwoods Neighborhood Park
80,Edward Rendon Sr. Metro Park at Festival Beach,12248,4455,2521,53,213,209,1933,62,223,284,72.86032804,61,34,0,2,2,26,0,3,3,115,1,436,5,493,6,Edward Rendon Sr. Metro Park at Festival Beach
81,Eilers (Deep Eddy) Neighborhood Park,7827,398,223,9,24,9,175,12,22,16,8.976415,44,24,1,2,1,19,1,2,1,21,2,47,5,25,2,Eilers (Deep Eddy) Neighborhood Park
82,Elizabet Ney Museum,7157,676,338,15,31,35,337,23,57,11,2.5482,265,133,5,12,13,132,9,22,4,38,14,89,34,46,18,Elizabet Ney Museum
83,Ellen Higgins Pocket Park,5468,156,62,7,12,2,93,7,17,7,0.61,255,102,12,21,3,153,11,28,11,14,24,30,49,9,15,Ellen Higgins Pocket Park
84,Emma Long Metro Park,26442,5402,2592,173,733,284,2809,148,724,314,1109.27531553,4,2,0,0,0,2,0,0,0,321,0,1458,1,598,0,Emma Long Metro Park
85,Forest North Neighborhood Park,1797,232,117,4,23,10,115,4,15,11,2.486,93,47,1,9,4,46,1,6,4,8,3,39,15,21,8,Forest North Neighborhood Park
86,Gaines Creek Neighborhood Park,10490,1019,498,25,62,74,520,29,86,105,37.92,26,13,0,1,1,13,0,2,2,54,1,148,3,180,4,Gaines Creek Neighborhood Park
87,Gaines Greenbelt,20980,4566,2388,203,388,170,2177,158,385,346,94.04,48,25,2,4,1,23,1,4,3,361,3,773,8,516,5,Gaines Greenbelt
88,Gaines Park at Barton Creek Greenbelt,10201,1679,773,38,155,75,906,38,181,133,6.0148,279,128,6,25,12,150,6,30,22,76,12,337,56,208,34,Gaines Park at Barton Creek Greenbelt
89,Garrison District Park,11421,2872,1314,130,273,99,1557,93,240,187,40.0,71,32,3,6,2,38,2,6,4,223,5,514,12,286,7,Garrison District Park
90,George Washington Carver Museum,1314,75,38,4,8,1,36,2,7,5,0.29825221,253,130,14,29,6,122,9,25,17,7,24,16,55,7,23,George Washington Carver Museum
91,Georgian Acres Neighborhood Park,8176,1362,749,39,103,50,613,9,172,34,4.997,272,150,8,20,10,122,1,34,6,49,9,276,55,84,16,Georgian Acres Neighborhood Park
92,Gillis Neighborhood Park,4116,666,394,23,38,32,271,13,30,38,7.8,85,50,2,4,4,34,1,3,4,36,4,68,8,70,9,Gillis Neighborhood Park
93,Givens District Park,13291,2555,1267,88,263,110,1287,66,257,154,41.43280472,61,30,2,6,2,31,1,6,3,155,3,520,12,264,6,Givens District Park
94,Goat Cave Karst Nature Preserve,8778,2467,1316,167,388,72,1150,26,127,104,14.86917361,165,88,11,26,4,77,1,8,7,194,13,515,34,177,11,Goat Cave Karst Nature Preserve
95,Govalle Neighborhood Park,5586,377,186,7,41,18,191,14,37,20,26.314,14,7,0,1,0,7,0,1,0,22,0,79,3,39,1,Govalle Neighborhood Park
96,Gracywoods Neighborhood Park,10191,1094,582,15,77,66,511,55,97,93,19.16894226,57,30,0,4,3,26,2,5,4,70,3,174,9,159,8,Gracywoods Neighborhood Park
97,Grand Meadow Neighborhood Park,10150,749,318,26,86,13,430,42,150,15,9.926,75,32,2,8,1,43,4,15,1,68,6,237,23,28,2,Grand Meadow Neighborhood Park
98,Great Hills Neighborhood Park,20405,6375,3255,316,729,346,3120,152,429,466,76.05124007,83,42,4,9,4,41,2,5,6,469,6,1158,15,812,10,Great Hills Neighborhood Park
99,Gregg Hill Pocket Park,3271,172,81,2,9,15,91,4,13,25,1.51,114,53,1,6,9,60,2,8,16,6,4,22,14,40,26,Gregg Hill Pocket Park
100,Grey Rock Golf Course,22231,9538,4813,380,1669,517,4725,341,1362,538,296.9573,32,16,1,5,1,15,1,4,1,721,2,3031,10,1056,3,Grey Rock Golf Course
101,Gullett School Park,3238,277,132,12,31,13,144,15,34,23,14.58,19,9,0,2,0,9,1,2,1,28,1,66,4,36,2,Gullett School Park
102,"Gustavo ""Gus"" L. Garcia District Park",23036,6078,3548,385,931,119,2529,231,810,227,47.271,128,75,8,19,2,53,4,17,4,617,13,1741,36,346,7,"Gustavo ""Gus"" L. Garcia District Park"
103,Hall/Goodnight Planting Strip,1937,196,104,9,19,12,92,0,13,10,1.229913,159,84,7,15,10,75,0,11,8,9,7,33,26,22,18,Hall/Goodnight Planting Strip
104,Hancock Golf Course,10762,3438,1746,30,155,132,1691,54,150,83,51.83,66,33,0,2,2,32,1,2,1,85,1,306,5,215,4,Hancock Golf Course
105,Harpers Branch Creek Greenbelt,23458,12351,6779,344,844,488,5571,173,627,527,1.6919,7300,4007,203,499,289,3293,102,370,311,517,306,1472,870,1016,600,Harpers Branch Creek Greenbelt
106,Harris Branch Neighborhood Park,6164,194,104,9,29,6,90,14,30,4,10.01,19,10,0,2,0,9,1,2,0,24,2,59,5,10,1,Harris Branch Neighborhood Park
107,Harris Triangle,1688,97,44,5,14,2,52,4,13,3,0.18,540,246,29,82,15,293,24,74,17,9,54,28,156,6,33,Harris Triangle
108,Hartford Planting Strip,2937,216,104,13,37,8,111,11,34,11,1.8588,116,56,7,20,4,60,6,18,6,25,13,71,38,20,10,Hartford Planting Strip
109,Hartford Triangle,2937,110,53,6,20,3,56,6,17,4,0.6,183,88,10,34,6,94,11,29,8,13,21,38,64,8,14,Hartford Triangle
110,Haskell House,2121,180,94,1,9,6,85,4,12,5,0.2405,750,393,7,40,28,357,17,52,23,6,24,22,92,12,52,Haskell House
111,Heath Eiland and Morgan Moss BMX Skate Park,8788,70,41,0,0,4,28,1,2,3,1.3186,53,31,0,0,3,21,1,1,3,1,1,3,2,8,6,Heath Eiland and Morgan Moss BMX Skate Park
112,Heritage Oaks Neighborhood Park,7203,909,546,21,77,35,363,35,89,30,3.527,257,155,6,21,10,102,9,25,8,56,16,166,47,65,18,Heritage Oaks Neighborhood Park
113,Hielscher Tract Greenbelt,25291,8428,4276,333,1481,319,4151,289,1328,416,66.58,126,64,5,22,4,62,4,19,6,622,9,2810,42,736,11,Hielscher Tract Greenbelt
114,Highland Neighborhood Park,5865,111,66,3,9,0,44,3,9,0,0.241,462,276,15,38,4,186,12,40,2,6,28,19,79,1,6,Highland Neighborhood Park
115,Hill School Park,1992,170,74,0,8,16,96,4,15,33,5.51,31,13,0,1,3,17,0,2,6,4,0,23,4,50,9,Hill School Park
116,Holly Shores at Town Lake Metro Park,8865,1109,526,22,108,30,583,11,104,83,17.619,62,29,1,6,1,33,0,5,4,34,1,212,12,113,6,Holly Shores at Town Lake Metro Park
117,Houston School Park,4655,456,220,15,71,9,235,15,84,11,8.74,52,25,1,8,1,26,1,9,1,31,3,155,17,21,2,Houston School Park
118,Hubert C. Schroeter Neighborhood Park,6365,892,490,47,79,84,401,42,64,54,12.08,73,40,3,6,6,33,3,5,4,90,7,144,11,138,11,Hubert C. Schroeter Neighborhood Park
119,International Shores at Town Lake Metro Park,5206,911,562,12,19,5,349,10,23,12,6.06263555,150,92,2,3,0,57,1,3,2,22,3,42,7,18,2,International Shores at Town Lake Metro Park
120,J.J. Seabrook Greenbelt,21165,7967,3558,310,607,373,4408,328,698,526,2.90116414,2746,1226,106,209,128,1519,113,240,181,638,220,1305,450,899,310,J.J. Seabrook Greenbelt
121,Janet Long Fish Park,8946,4964,2820,270,904,147,2143,209,642,152,27.872,178,101,9,32,5,76,7,23,5,480,17,1547,55,299,10,Janet Long Fish Park
122,Jimmy Clay Golf Course,23206,6777,3705,368,1156,154,3072,246,1005,153,203.11864411,33,18,1,5,0,15,1,4,0,614,3,2162,10,307,1,Jimmy Clay Golf Course
123,John Trevino Jr. Metro Park at Morrison Ranch,18837,4281,2481,163,524,76,1799,121,564,94,330.22,12,7,0,1,0,5,0,1,0,285,0,1088,3,171,0,John Trevino Jr. Metro Park at Morrison Ranch
124,Joslin Neighborhood Park,7293,438,197,9,19,20,241,14,36,58,5.89,74,33,1,3,3,40,2,6,9,24,4,55,9,79,13,Joslin Neighborhood Park
125,Kealing School Park,2452,379,195,22,44,9,183,14,38,26,14.91436275,25,13,1,2,0,12,0,2,1,37,2,82,5,35,2,Kealing School Park
126,Kendra Page Neighborhood Park,7001,1245,653,76,209,13,591,44,150,31,15.2491,81,42,5,13,0,38,2,9,2,121,7,359,23,44,2,Kendra Page Neighborhood Park
127,Kennemer Pool,6250,353,211,14,50,5,142,11,35,9,1.04,339,202,13,48,5,136,11,34,9,26,25,85,82,15,14,Kennemer Pool
128,Lakeline Neighborhood Park,5627,1284,617,16,105,68,666,9,91,117,10.45,122,59,1,10,6,63,0,8,11,26,2,196,18,185,17,Lakeline Neighborhood Park
129,Lakeshore at Town Lake Metro Park,4575,603,352,9,40,6,250,8,74,9,3.28252585,183,107,2,12,1,76,2,22,3,18,5,115,35,16,5,Lakeshore at Town Lake Metro Park
130,Lamar Beach at Town Lake Metro Park,16766,3249,1609,21,96,127,1640,77,127,179,65.40901382,49,24,0,1,1,25,1,1,2,99,1,224,3,306,4,Lamar Beach at Town Lake Metro Park
131,Lamar Senior Activity Center,3441,212,82,0,1,5,130,1,5,0,1.876,113,43,0,0,2,69,0,3,0,1,0,7,3,5,3,Lamar Senior Activity Center
132,Latta Branch Greenbelt,50460,26980,13113,1208,3430,988,13866,656,2721,1629,126.41990405,213,103,9,27,7,109,5,21,12,1865,14,6151,48,2618,20,Latta Branch Greenbelt
133,Lawrence Street Pocket Park,7417,331,170,26,62,10,160,25,54,8,0.9854,336,173,26,63,10,162,25,55,8,51,52,117,119,18,19,Lawrence Street Pocket Park
134,Legend Oaks Neighborhood Park,4582,382,194,15,60,16,187,6,30,30,7.3,52,26,2,8,2,25,0,4,4,21,2,91,12,46,6,Legend Oaks Neighborhood Park
135,Little Stacy Neighborhood Park,4668,744,370,12,59,41,374,19,37,44,6.7793,109,54,1,8,6,55,2,5,6,31,4,97,14,85,12,Little Stacy Neighborhood Park
136,Little Walnut Creek Greenbelt,35651,12251,5921,397,1400,500,6329,386,1494,736,205.806,59,28,1,6,2,30,1,7,3,783,3,2894,14,1236,6,Little Walnut Creek Greenbelt
137,Little Zilker Neighborhood Park,4887,776,445,53,109,28,330,12,42,24,4.57,169,97,11,23,6,72,2,9,5,65,14,151,33,52,11,Little Zilker Neighborhood Park
138,Longhorn Shores at Town Lake Metro Park,3924,570,318,9,41,7,252,6,66,15,10.63606158,53,29,0,3,0,23,0,6,1,15,1,108,10,23,2,Longhorn Shores at Town Lake Metro Park
139,Longview Neighborhood Park,5934,433,216,8,36,19,217,16,41,44,20.056,21,10,0,1,0,10,0,2,2,25,1,77,3,63,3,Longview Neighborhood Park
140,Lott Pocket Park,2192,156,81,8,16,3,74,6,15,10,1.12485569,138,72,7,15,3,66,5,13,9,14,13,32,28,14,12,Lott Pocket Park
141,Louis RenÃ© Barrera Indiangrass Wildlife Sanctuary,1043,245,120,15,32,2,124,0,39,3,290.6231989,0,0,0,0,0,0,0,0,0,15,0,71,0,5,0,Louis RenÃ© Barrera Indiangrass Wildlife Sanctuary
142,Lower Bull Creek Greenbelt,23617,10519,5223,283,1097,736,5295,140,1026,933,115.454,91,45,2,9,6,45,1,8,8,423,3,2123,18,1670,14,Lower Bull Creek Greenbelt
143,Lucy Read School Park,1061,235,134,0,1,21,100,9,15,12,5.14,45,26,0,0,4,19,1,3,2,9,1,17,3,34,6,Lucy Read School Park
144,MLK Station Neighborhood Park,5714,953,387,21,52,38,566,50,77,80,7.917,120,48,2,6,4,71,6,9,10,72,9,130,16,119,15,MLK Station Neighborhood Park
145,Mabel Davis District Park,10519,4117,2224,95,376,78,1893,168,376,128,53.97237583,76,41,1,6,1,35,3,6,2,263,4,753,13,207,3,Mabel Davis District Park
146,Maggie Boatright Area of the Bull Creek Greenbelt,8666,1709,841,41,201,98,868,37,215,102,8.986,190,93,4,22,10,96,4,23,11,78,8,417,46,201,22,Maggie Boatright Area of the Bull Creek Greenbelt
147,Manuel and Robert Donley Pocket Park,458,42,22,0,4,0,20,0,2,5,0.3883,109,57,0,11,0,51,0,5,13,0,0,6,17,5,13,Manuel and Robert Donley Pocket Park
148,Marble Creek Greenbelt,17973,4416,2060,125,486,85,2355,218,819,99,105.78,41,19,1,4,0,22,2,7,0,343,3,1305,12,185,1,Marble Creek Greenbelt
149,Marble Creek Neighborhood Park,14420,245,111,7,26,4,134,12,47,5,8.511,28,13,0,3,0,15,1,5,0,20,2,74,8,9,1,Marble Creek Neighborhood Park
150,Margaret Hoffman Oak Park,5453,101,64,0,0,5,37,0,0,4,0.2208668,459,290,0,0,23,168,0,1,21,0,0,0,1,9,44,Margaret Hoffman Oak Park
151,Mary Dawson Pocket Park,4424,139,60,0,5,9,78,2,15,4,0.92,151,65,0,6,9,85,2,16,4,3,3,21,22,13,14,Mary Dawson Pocket Park
152,Mary Frances Baylor Clarksville Pocket Park,2956,196,104,3,12,7,92,0,11,7,1.48911304,132,69,2,8,5,62,0,7,5,3,2,23,16,15,10,Mary Frances Baylor Clarksville Pocket Park
153,Mary Moore Searight Metro Park,37094,16729,8343,662,1833,664,8386,431,1350,712,342.65952,48,24,1,5,1,24,1,3,2,1094,3,3183,9,1376,4,Mary Moore Searight Metro Park
154,Mayfield Park,7195,499,244,15,73,43,255,12,55,51,23.331,21,10,0,3,1,10,0,2,2,28,1,129,5,94,4,Mayfield Park
155,Meadowview Triangle,2319,212,122,8,15,2,90,8,22,1,0.41758451,508,292,19,38,5,216,20,54,2,16,40,38,92,3,8,Meadowview Triangle
156,Metz Neighborhood Park,4331,463,191,11,48,18,272,0,32,47,6.54525012,70,29,1,7,2,41,0,5,7,12,1,81,12,65,10,Metz Neighborhood Park
157,Michael Butler Park at Town Lake Metro Park,13029,511,257,2,12,20,254,9,29,20,20.299373,25,12,0,0,0,12,0,1,1,11,0,42,2,40,2,Michael Butler Park at Town Lake Metro Park
158,Michael Butler Shores at Town Lake Metro Park,9294,792,385,1,16,23,407,19,39,47,28.65,27,13,0,0,0,14,0,1,1,20,0,56,1,71,2,Michael Butler Shores at Town Lake Metro Park
159,Millennium Center,2391,431,191,28,81,14,240,11,62,10,5.5415,77,34,5,14,2,43,2,11,1,40,7,144,26,25,4,Millennium Center
160,Montopolis Neighborhood Park,3999,1160,680,75,195,28,480,8,117,59,7.61,152,89,9,25,3,63,1,15,7,83,11,313,41,88,11,Montopolis Neighborhood Park
161,Montopolis Practice Fields,8705,1005,521,77,189,31,484,75,162,26,4.11,244,126,18,46,7,117,18,39,6,153,37,352,85,58,14,Montopolis Practice Fields
162,Morris Williams Golf Course,13385,3581,1667,102,305,161,1914,85,358,238,187.793,19,8,0,1,0,10,0,1,1,188,1,663,3,400,2,Morris Williams Golf Course
163,Mountain View Neighborhood Park,3620,366,191,3,62,12,175,4,38,16,8.273,44,23,0,7,1,21,0,4,1,7,0,101,12,28,3,Mountain View Neighborhood Park
164,Murchison Pool,4675,152,72,0,7,5,79,2,13,9,1.15,132,62,0,6,5,69,2,11,8,3,3,21,18,15,13,Murchison Pool
165,Musket Valley Neighborhood Park,16293,505,249,28,74,14,255,18,58,18,15.91,31,15,1,4,0,16,1,3,1,46,2,132,8,33,2,Musket Valley Neighborhood Park
166,Nicholas Dawson Neighborhood Park,4264,464,242,1,10,20,222,4,28,9,3.1977,145,75,0,3,6,69,1,8,3,5,1,38,12,30,9,Nicholas Dawson Neighborhood Park
167,Norman School Park,3013,147,69,1,11,6,78,6,18,9,6.9,21,10,0,1,1,11,0,2,1,7,1,30,4,16,2,Norman School Park
168,North Acres Greenbelt,36056,14272,7836,806,1958,280,6435,656,2063,413,2.456,5811,3190,328,797,114,2620,267,840,168,1463,595,4022,1637,694,282,North Acres Greenbelt
169,North Cat Mountain Greenbelt,22553,7961,3834,215,817,692,4126,184,931,796,30.71661354,259,124,7,26,22,134,6,30,25,400,13,1749,56,1489,48,North Cat Mountain Greenbelt
170,North Oaks Neighbohood Park,3516,588,269,20,39,34,318,21,74,54,4.616,127,58,4,8,7,69,4,16,11,42,9,114,24,88,19,North Oaks Neighbohood Park
171,North Star Greenbelt,23952,12704,6618,396,1022,631,6086,552,1260,664,17.61856003,721,375,22,58,35,345,31,71,37,949,53,2283,129,1295,73,North Star Greenbelt
172,Northern Walnut Creek Greenbelt,112988,52874,26695,2071,4976,1884,26179,1942,4939,2725,387.40866616,136,68,5,12,4,67,5,12,7,4013,10,9915,25,4609,11,Northern Walnut Creek Greenbelt
173,Northwest Balcones Neighborhood Park,5513,427,226,23,62,38,200,14,48,32,7.17204959,59,31,3,8,5,28,2,6,4,37,5,110,15,70,9,Northwest Balcones Neighborhood Park
174,Northwest Recreation Center,4841,420,206,25,66,26,214,12,40,29,6.66585983,63,30,3,9,3,32,1,6,4,37,5,107,16,55,8,Northwest Recreation Center
175,Norwood Tract at Town Lake Metro Park,8571,969,538,16,48,41,431,13,39,44,9.52917438,101,56,1,5,4,45,1,4,4,30,3,87,9,85,8,Norwood Tract at Town Lake Metro Park
176,Oak Springs School Park,4268,239,120,17,33,22,119,3,21,23,6.13,39,19,2,5,3,19,0,3,3,20,3,54,8,45,7,Oak Springs School Park
177,Oak View Neighborhood Park,5099,750,377,18,97,48,372,29,106,40,6.975217,107,54,2,14,6,53,4,15,5,48,6,204,29,88,12,Oak View Neighborhood Park
178,Oakhill Neighborhood Park,5970,310,149,2,22,23,160,9,34,21,14.495,21,10,0,1,1,11,0,2,1,12,0,57,3,45,3,Oakhill Neighborhood Park
179,Odom School Park,6478,397,209,11,33,22,187,23,39,23,4.3,92,48,2,7,5,43,5,9,5,34,8,73,17,46,10,Odom School Park
180,Oertli Neighborhood Park,7969,274,128,11,25,8,146,7,22,8,6.0,45,21,1,4,1,24,1,3,1,19,3,48,8,17,2,Oertli Neighborhood Park
181,Old Bakery and Emporium,5232,114,72,0,0,6,42,0,0,5,0.31203828,366,231,0,0,19,134,0,1,17,0,0,0,1,11,37,Old Bakery and Emporium
182,Old San Antonio District Park,4954,0,0,0,0,0,0,0,0,0,57.683,0,0,0,0,0,0,0,0,0,0,0,0,0,0,0,Old San Antonio District Park
183,Old San Antonio Greenbelt,13118,3841,1930,98,349,327,1911,85,293,409,28.33,135,68,3,12,11,67,3,10,14,183,6,642,22,736,26,Old San Antonio Greenbelt
184,Onion Creek Greenbelt,46540,21132,10426,861,2853,549,10705,909,3262,566,235.65838265,89,44,3,12,2,45,3,13,2,1771,7,6115,25,1116,4,Onion Creek Greenbelt
185,Onion Creek Metro Park,40693,17620,8382,588,2235,502,9237,803,3031,454,517.312,34,16,1,4,0,17,1,5,0,1391,2,5266,10,956,1,Onion Creek Metro Park
186,Onion Creek Soccer Complex,11343,548,288,14,63,11,260,27,71,15,112.46,4,2,0,0,0,2,0,0,0,41,0,135,1,26,0,Onion Creek Soccer Complex
187,Onion Creek Wildlife Sanctuary,1805,570,249,3,72,31,320,50,131,27,180.0,3,1,0,0,0,1,0,0,0,53,0,203,1,59,0,Onion Creek Wildlife Sanctuary
188,Ortega School Park,4540,290,163,17,30,18,127,1,31,15,4.23478002,68,38,4,7,4,30,0,7,3,19,4,61,14,34,8,Ortega School Park
189,Palma Plaza Pocket Park,2275,220,113,0,10,8,107,10,18,5,0.2066,1065,547,2,49,39,518,49,87,26,10,51,28,136,13,66,Palma Plaza Pocket Park
190,Pan American Neighborhood Park,6222,859,387,13,121,26,472,36,122,65,5.22503385,164,74,2,23,5,90,7,23,12,50,9,244,46,92,17,Pan American Neighborhood Park
191,Parque Zaragoza Neighborhood Park,7308,825,420,16,94,54,404,28,81,47,15.273,54,27,1,6,3,26,1,5,3,44,2,175,11,102,6,Parque Zaragoza Neighborhood Park
192,Pastor Edward Clarence Craig Jr. Neighborhood Park,5676,1231,617,101,289,20,614,53,234,14,5.3,232,116,19,54,3,116,10,44,2,154,29,524,98,35,6,Pastor Edward Clarence Craig Jr. Neighborhood Park
193,Patterson Neighborhood Park,6655,533,254,16,43,17,278,12,39,35,9.29,57,27,1,4,1,30,1,4,3,29,3,83,8,52,5,Patterson Neighborhood Park
194,Payton Gin Pocket Park,11234,387,214,18,48,5,173,25,52,7,0.9709,399,220,18,50,5,178,26,53,7,44,45,100,103,13,13,Payton Gin Pocket Park
195,Peace Point at Town Lake Metro Park,3440,846,502,13,48,7,344,11,80,17,5.46668977,154,91,2,8,1,62,2,14,3,24,4,129,23,25,4,Peace Point at Town Lake Metro Park
196,Pease District Park,19456,5202,3028,77,188,105,2174,84,195,71,42.68088432,121,70,1,4,2,50,1,4,1,162,3,384,9,177,4,Pease District Park
197,Pecan Springs School Park,2272,270,124,6,27,10,146,12,35,11,4.55,59,27,1,5,2,32,2,7,2,19,4,62,13,21,4,Pecan Springs School Park
198,Perry Neighborhood Park,3842,332,163,9,31,17,169,16,46,23,10.3933043,31,15,0,3,1,16,1,4,2,25,2,78,7,41,3,Perry Neighborhood Park
199,Pickfair Pocket Park,3731,118,57,1,15,8,61,2,17,9,1.237,96,46,1,12,6,49,2,13,7,4,3,32,26,17,14,Pickfair Pocket Park
200,Pillow School Park,1588,210,128,9,19,8,82,4,6,13,6.62859478,31,19,1,2,1,12,0,0,2,14,2,25,3,22,3,Pillow School Park
201,Piney Bend Neighborhood Park,7824,706,311,25,71,16,395,16,50,38,4.335,163,71,5,16,3,91,3,11,8,41,9,122,28,55,12,Piney Bend Neighborhood Park
202,Pioneer Crossing Neighborhood Park,8242,425,212,22,78,8,213,16,63,11,17.96,23,11,1,4,0,11,0,3,0,38,2,142,7,19,1,Pioneer Crossing Neighborhood Park
203,Ponciana Neighborhood Park,6828,1087,527,37,168,23,560,36,199,27,5.179,209,101,7,32,4,108,7,38,5,74,14,368,71,51,9,Ponciana Neighborhood Park
204,Quail Creek Neighborhood Park,15053,2506,1427,97,366,12,1078,160,330,45,16.299,153,87,5,22,0,66,9,20,2,258,15,697,42,58,3,Quail Creek Neighborhood Park
205,Ramsey Neighborhood Park,4793,688,352,6,33,66,335,15,60,63,5.26800149,130,66,1,6,12,63,2,11,12,21,4,93,17,129,24,Ramsey Neighborhood Park
206,Red Bluff Nature Preserve,10496,1905,967,59,184,99,938,54,223,110,49.736,38,19,1,3,1,18,1,4,2,114,2,408,8,209,4,Red Bluff Nature Preserve
207,Red Bluff Neighborhood Park,6703,254,121,3,21,12,133,10,31,15,7.196,35,16,0,2,1,18,1,4,2,13,1,52,7,27,3,Red Bluff Neighborhood Park
208,Red Bud Isle,6517,527,284,7,41,22,242,8,41,42,17.49307899,30,16,0,2,1,13,0,2,2,16,0,83,4,64,3,Red Bud Isle
209,Reed Neighborhood Park,1800,379,176,8,59,32,203,4,47,30,6.35935429,59,27,1,9,5,31,0,7,4,12,1,106,16,63,9,Reed Neighborhood Park
210,Reilly School Park,1640,199,95,5,12,6,103,2,22,5,9.86,20,9,0,1,0,10,0,2,0,8,0,34,3,11,1,Reilly School Park
211,Republic Square,4109,170,107,0,0,8,62,0,0,8,1.748,97,61,0,0,5,35,0,0,4,0,0,0,0,16,9,Republic Square
212,Riata Neighborhood Park,5163,500,289,35,74,15,211,8,34,17,8.08,61,35,4,9,1,26,1,4,2,43,5,108,13,32,4,Riata Neighborhood Park
213,Ricky Guerrero Neighborhood Park,5329,203,113,18,27,16,90,16,27,9,1.90776495,106,59,9,14,8,47,8,14,4,35,18,54,28,25,13,Ricky Guerrero Neighborhood Park
214,Rinard Creek Greenbelt,17487,5044,2633,159,556,313,2411,233,556,332,22.633,222,116,7,24,13,106,10,24,14,393,17,1112,49,646,28,Rinard Creek Greenbelt
215,Roberta Crenshaw Overlook at Shoal Beach at Town Lake Metro Park,9223,180,108,0,0,12,72,0,1,11,1.63434011,110,66,0,0,7,44,0,0,7,0,0,2,1,23,14,Roberta Crenshaw Overlook at Shoal Beach at Town Lake Metro Park
216,Ron Rigsby Pocket Park,3127,404,233,18,69,8,170,15,50,13,0.8357,484,279,22,83,9,204,18,60,16,34,40,120,144,22,26,Ron Rigsby Pocket Park
217,Rosewood Neighborhood Park,4281,730,377,46,104,14,352,21,76,24,14.22276674,51,26,3,7,0,24,1,5,1,68,4,180,12,38,2,Rosewood Neighborhood Park
218,Roy G. Guerrero Colorado River Metro Park,47805,25824,13804,719,2351,539,12020,512,2257,889,399.46658273,64,34,1,5,1,30,1,5,2,1232,3,4608,11,1428,3,Roy G. Guerrero Colorado River Metro Park
219,Roy Kizer Golf Course,38117,10360,5329,378,1402,312,5031,350,1472,316,265.19065743,39,20,1,5,1,18,1,5,1,729,2,2874,10,628,2,Roy Kizer Golf Course
220,Ryan Planting Strip,2151,185,87,4,6,7,97,4,19,8,0.24088698,768,365,17,25,30,403,20,81,35,9,37,25,107,15,66,Ryan Planting Strip
221,Salt Springs Neighborhood Park,3802,102,59,1,10,1,43,4,15,1,9.45904729,10,6,0,1,0,4,0,1,0,5,0,26,2,3,0,Salt Springs Neighborhood Park
222,Sanchez School Park,1329,150,73,0,6,7,76,0,3,18,1.3,116,56,0,4,5,59,0,2,14,0,0,10,7,25,19,Sanchez School Park
223,Schieffer Tract,7664,522,254,20,67,16,268,25,69,21,4.35596015,120,58,4,15,3,61,5,15,4,45,10,136,31,37,8,Schieffer Tract
224,Scofield Farms Neighborhood Park,9260,1111,524,26,78,33,586,48,125,46,20.6445,53,25,1,3,1,28,2,6,2,74,3,203,9,80,3,Scofield Farms Neighborhood Park
225,Seiders Springs at Shoal Creek Greenbelt,24497,10545,5113,211,702,481,5432,407,955,620,4.22,2499,1211,50,166,114,1287,96,226,147,619,146,1657,392,1102,261,Seiders Springs at Shoal Creek Greenbelt
226,Sendera Mesa Neighborhood Park,6953,484,252,20,67,9,232,13,36,14,4.61649392,105,54,4,14,2,50,2,8,3,33,7,104,22,23,5,Sendera Mesa Neighborhood Park
227,Shinoak Valley Greenbelt,16013,8112,4043,214,819,598,4069,232,723,718,10.46021446,775,386,20,78,57,389,22,69,68,447,42,1543,147,1317,125,Shinoak Valley Greenbelt
228,Shipe Neighborhood Park,7157,662,325,16,31,36,336,20,53,12,2.45876512,269,132,6,13,14,136,8,21,4,36,15,85,34,48,19,Shipe Neighborhood Park
229,Shoal Beach at Town Lake Metro Park,13719,1179,660,1,15,50,518,14,24,59,13.48083855,87,48,0,1,3,38,1,1,4,16,1,39,2,109,8,Shoal Beach at Town Lake Metro Park
230,Shoal Creek Greenbelt,90397,59213,29457,843,2399,1870,29755,1052,2889,2153,80.67868635,733,365,10,29,23,368,13,35,26,1896,23,5288,65,4023,49,Shoal Creek Greenbelt
231,Silk Oak Neighborhood Park,4244,744,351,22,74,34,393,22,35,53,17.68232301,42,19,1,4,1,22,1,1,3,45,2,109,6,88,4,Silk Oak Neighborhood Park
232,Sir Swante Palm Neighborhood Park,7631,623,365,1,8,39,257,7,19,36,3.24240255,192,112,0,2,12,79,2,5,11,9,2,27,8,75,23,Sir Swante Palm Neighborhood Park
233,Slaughter Creek Greenbelt,26032,13095,6429,512,1431,510,6666,361,1250,594,73.780646,177,87,6,19,6,90,4,16,8,873,11,2681,36,1105,14,Slaughter Creek Greenbelt
234,South Austin Island,4010,146,72,5,11,5,74,0,9,9,0.06846614,2136,1053,73,166,73,1082,14,131,144,6,88,20,298,14,217,South Austin Island
235,South Austin Neighborhood Park,5601,809,442,44,104,27,366,36,53,34,12.27,65,36,3,8,2,29,2,4,2,80,6,158,12,62,5,South Austin Neighborhood Park
236,South Austin Senior Activity Center,6395,954,423,19,65,11,531,37,100,30,4.63,206,91,4,14,2,114,7,21,6,56,12,165,35,41,9,South Austin Senior Activity Center
237,South Austin Tennis Center,4264,800,446,49,117,31,353,35,51,36,12.05,66,37,4,9,2,29,2,4,3,85,7,169,14,68,5,South Austin Tennis Center
238,South Boggy Creek Greenbelt,59821,25459,12866,988,2970,788,12592,814,2545,894,29.853245,852,431,33,99,26,421,27,85,29,1802,60,5516,184,1683,56,South Boggy Creek Greenbelt
239,South Boggy Creek Greenbelt,59821,25459,12866,988,2970,788,12592,814,2545,894,8.54716954,2978,1505,115,347,92,1473,95,297,104,1802,210,5516,645,1683,196,South Boggy Creek Greenbelt
240,Southern Walnut Creek Greenbelt,53505,14499,7188,653,2357,439,7310,641,2234,628,601.16025764,24,11,1,3,0,12,1,3,1,1294,2,4592,7,1068,1,Southern Walnut Creek Greenbelt
241,Sparky Pocket Park,1989,212,82,2,4,6,130,7,10,9,0.4550046,467,180,5,9,13,287,16,22,20,9,21,14,32,15,33,Sparky Pocket Park
242,Springdale Neighborhood Park,4664,567,240,4,36,33,327,14,62,56,16.36640913,34,14,0,2,2,20,0,3,3,19,1,99,6,89,5,Springdale Neighborhood Park
243,Springwoods Neighborhood Park,7503,962,481,60,123,29,481,37,88,39,12.45145586,77,38,4,9,2,38,3,7,3,97,7,211,17,69,5,Springwoods Neighborhood Park
244,St. Edwards Greenbelt,6054,1401,671,29,163,74,729,27,161,76,79.8,17,8,0,2,0,9,0,2,0,56,0,325,4,151,1,St. Edwards Greenbelt
245,St. Elmo School Park,4061,259,126,11,34,17,133,10,26,13,5.51527426,47,22,2,6,3,24,1,4,2,22,4,61,11,30,5,St. Elmo School Park
246,St. John Pocket Park,2930,185,121,7,33,0,63,2,13,4,0.97,191,125,8,34,0,65,2,13,4,10,10,46,47,5,5,St. John Pocket Park
247,Steck Valley Greenbelt,26141,9742,4932,189,897,765,4810,162,730,1095,38.35643094,254,128,4,23,19,125,4,19,28,351,9,1628,42,1861,48,Steck Valley Greenbelt
248,Stephenson Nature Preserve & Outdoor Education Center,17091,4031,1986,170,375,149,2045,155,343,291,147.282,27,13,1,2,1,13,1,2,1,326,2,718,4,440,2,Stephenson Nature Preserve & Outdoor Education Center
249,Stillhouse Hollow Nature Preserve,11421,2063,962,39,237,188,1101,45,235,278,19.8278,104,48,2,11,9,55,2,11,14,85,4,473,23,467,23,Stillhouse Hollow Nature Preserve
250,Stratford Overlook Greenbelt,11323,5611,2916,135,649,326,2695,147,589,529,0.07,80170,41667,1931,9281,4657,38502,2101,8420,7561,282,4032,1239,17702,855,12218,Stratford Overlook Greenbelt
251,Swede Hill Pocket Park,878,95,62,0,0,2,33,6,6,2,0.5694,167,108,0,0,3,58,11,11,4,6,11,6,11,4,8,Swede Hill Pocket Park
252,Symphony Square,5232,105,66,0,0,5,38,0,0,5,0.484,218,138,0,0,11,80,0,0,10,0,0,0,0,10,22,Symphony Square
253,T.A. Brown Neighborhood Park,6970,967,555,38,77,12,411,38,105,6,2.29,422,242,16,33,5,179,16,45,2,76,33,182,79,18,7,T.A. Brown Neighborhood Park
254,Tahoe Trail Pocket Park,3911,213,101,9,24,15,111,9,34,24,0.308,692,330,31,78,48,361,31,112,78,19,63,58,190,39,127,Tahoe Trail Pocket Park
255,Tanglewood Neighborhood Park,8719,1036,484,28,133,71,552,11,139,94,14.1402,73,34,2,9,5,39,0,9,6,40,2,273,19,166,11,Tanglewood Neighborhood Park
256,Tannehill Branch Greenbelt,19608,7784,3732,238,773,285,4051,270,832,500,4.504,1728,828,52,171,63,899,60,184,111,509,113,1606,356,786,174,Tannehill Branch Greenbelt
257,Tarrytown Neighborhood Park,2937,535,260,36,86,23,274,21,79,29,2.2502,238,115,16,38,10,122,9,35,12,58,25,165,73,52,23,Tarrytown Neighborhood Park
258,The Circle Greenbelt,22785,9474,4904,134,510,447,4569,123,468,487,1.208,7842,4060,111,422,370,3782,102,387,403,258,214,978,810,935,774,The Circle Greenbelt
259,Tom Lasseter-South Lamar Neighborhood Park,3921,748,362,22,54,14,386,36,93,19,2.084,359,173,10,26,6,185,17,44,9,59,28,147,70,34,16,Tom Lasseter-South Lamar Neighborhood Park
260,Trailhead Neighborhood Park,15804,653,319,11,81,18,333,8,77,19,13.63828257,47,23,0,5,1,24,0,5,1,19,1,159,11,38,2,Trailhead Neighborhood Park
261,Triangle Commons Neighborhood Park,3345,654,314,7,17,19,339,3,24,13,6.05,108,51,1,2,3,56,0,4,2,11,1,41,6,32,5,Triangle Commons Neighborhood Park
262,Umlauf Sculpture Garden,5823,458,223,1,10,14,235,12,25,28,7.8449,58,28,0,1,1,30,1,3,3,13,1,35,4,42,5,Umlauf Sculpture Garden
263,Upper Bull Creek Greenbelt,48796,15343,7531,387,1859,1106,7811,393,1910,1145,181.7298694,84,41,2,10,6,42,2,10,6,780,4,3770,20,2252,12,Upper Bull Creek Greenbelt
264,Veterans Pocket Park,5002,72,43,2,4,0,28,2,4,0,0.67361979,107,65,3,7,0,42,3,6,1,4,6,9,13,1,2,Veterans Pocket Park
265,Vic Mathias Shores at Town Lake Metro Park,8444,246,153,0,0,8,93,0,1,6,5.76681669,42,26,0,0,1,16,0,0,1,0,0,1,0,14,2,Vic Mathias Shores at Town Lake Metro Park
266,Waller Beach at Town Lake Metro Park,12963,2384,1308,5,40,184,1075,6,48,191,28.80830482,82,45,0,1,6,37,0,1,6,11,0,89,3,375,13,Waller Beach at Town Lake Metro Park
267,Waller Creek Greenbelt,38559,15250,8411,79,404,620,6838,239,518,708,4.25945033,3580,1974,18,94,145,1605,56,121,166,318,74,922,216,1328,311,Waller Creek Greenbelt
268,Walnut Creek Metro Park,40981,16423,8164,414,1179,629,8258,706,1601,986,290.52051343,56,28,1,4,2,28,2,5,3,1121,3,2780,9,1616,5,Walnut Creek Metro Park
269,Walnut Creek Sports Park,24275,3480,1702,154,722,96,1777,186,626,89,227.96811979,15,7,0,3,0,7,0,2,0,341,1,1348,5,186,0,Walnut Creek Sports Park
270,Walsh Boat Landing,4997,436,222,9,49,18,214,6,51,28,3.92369047,111,56,2,12,4,54,1,13,7,15,3,101,25,46,11,Walsh Boat Landing
271,Walter E. Long Metro Park,27630,10039,4922,423,1671,287,5116,483,1753,234,1885.44189589,5,2,0,0,0,2,0,0,0,907,0,3425,1,521,0,Walter E. Long Metro Park
272,Waterloo Neighborhood Park,5232,410,258,0,0,26,152,4,5,26,10.0212,40,25,0,0,2,15,0,0,2,4,0,6,0,52,5,Waterloo Neighborhood Park
273,Wells Creek Greenbelt,28834,9572,4598,300,813,378,4974,340,907,444,9.18,1042,500,32,88,41,541,37,98,48,640,69,1721,187,822,89,Wells Creek Greenbelt
274,West Austin Neighborhood Park,5368,680,325,1,10,39,355,16,21,43,3.31956766,205,97,0,3,11,107,5,6,13,18,5,32,9,83,25,West Austin Neighborhood Park
275,West Bouldin Creek Greenbelt,30424,11710,6178,334,695,436,5532,411,852,435,16.86731362,694,366,19,41,25,327,24,50,25,745,44,1548,91,871,51,West Bouldin Creek Greenbelt
276,Westcreek Pocket Park,2990,186,94,6,18,18,91,6,13,12,1.293,143,73,4,14,14,70,4,10,10,12,9,31,24,31,24,Westcreek Pocket Park
277,Westenfield Neighborhood Park,4311,742,362,15,69,44,379,30,75,38,4.94370761,150,73,3,14,9,76,6,15,7,45,9,144,29,83,16,Westenfield Neighborhood Park
278,William H. Russell Karst Preserve,16559,3875,1978,143,499,121,1896,82,244,189,190.921,20,10,0,2,0,9,0,1,0,225,1,743,3,310,1,William H. Russell Karst Preserve
279,Williams School Park,4552,231,101,8,20,4,130,18,31,9,9.892,23,10,0,2,0,13,1,3,0,27,2,52,5,14,1,Williams School Park
280,Williamson Creek Central Greenbelt,63443,34123,16981,1056,3245,1380,17141,1339,3607,1826,91.22899701,374,186,11,35,15,187,14,39,20,2396,26,6853,75,3207,35,Williamson Creek Central Greenbelt
281,Williamson Creek East Greenbelt,43650,27604,13760,969,3695,777,13843,989,3542,744,87.28068991,316,157,11,42,8,158,11,40,8,1959,22,7238,82,1522,17,Williamson Creek East Greenbelt
282,Williamson Creek West Greenbelt,37062,13356,6704,506,1268,605,6652,362,1132,878,76.25644663,175,87,6,16,7,87,4,14,11,868,11,2401,31,1484,19,Williamson Creek West Greenbelt
283,Wooldridge School Park,6179,607,363,23,75,16,244,33,77,20,9.06898355,66,40,2,8,1,26,3,8,2,57,6,152,16,37,4,Wooldridge School Park
284,Wooldridge Square,4109,170,107,0,0,8,62,0,0,7,1.7488,97,61,0,0,5,35,0,0,4,0,0,0,0,16,9,Wooldridge Square
285,Wooten Neighborhood Park,7928,933,493,100,135,22,439,22,115,54,6.28,148,78,16,21,3,70,3,18,8,123,19,250,39,76,12,Wooten Neighborhood Park
286,Wunneburger Neighborhood Park,4954,22,11,0,2,1,11,0,2,1,23.51,0,0,0,0,0,0,0,0,0,1,0,4,0,2,0,Wunneburger Neighborhood Park
287,Yates Pocket Park,7507,181,99,7,20,2,82,1,16,5,0.9338,194,106,8,22,2,88,1,17,6,9,10,37,40,7,8,Yates Pocket Park
288,Yett Creek Neighborhood Park,9070,1327,685,37,95,102,642,50,115,102,40.545,32,16,0,2,2,15,1,2,2,87,2,211,5,204,5,Yett Creek Neighborhood Park
289,Zilker Metro Park,34855,14920,7728,398,968,598,7192,468,1029,702,307.84906621,48,25,1,3,1,23,1,3,2,866,2,1997,6,1300,4,Zilker Metro Park
290,Zilker Nature Preserve,10503,1315,694,35,130,58,620,32,100,81,77.39090711,16,8,0,1,0,8,0,1,1,68,0,230,2,139,1,Zilker Nature Preserve
